날짜,종가,오픈,고가,저가,거래량,변동 %
2022년 06월 30일,"230,500","234,000","235,000","230,500",0.01K,-1.50%
2022년 06월 29일,"234,000","237,000","237,000","233,000",0.29K,-3.70%
2022년 06월 28일,"243,000","238,500","243,000","238,500",247.55K,2.10%
2022년 06월 27일,"238,000","240,500","240,500","233,500",0.03K,0.00%
2022년 06월 26일,"238,000","238,000","238,000","238,000",-,0.00%
2022년 06월 24일,"238,000","234,000","239,500","229,500",327.40K,1.71%
2022년 06월 23일,"234,000","239,000","241,000","233,500",0.08K,-3.51%
2022년 06월 22일,"242,500","252,500","252,500","241,000",0.03K,-3.19%
2022년 06월 21일,"250,500","253,500","255,000","248,500",217.80K,-0.79%
2022년 06월 20일,"252,500","264,000","264,000","250,500",0.00K,-3.81%
2022년 06월 17일,"262,500","260,000","265,000","259,500",599.42K,-1.87%
2022년 06월 16일,"267,500","263,500","270,000","263,500",295.80K,2.29%
2022년 06월 15일,"261,500","265,500","266,000","259,000",0.10K,-0.76%
2022년 06월 14일,"263,500","262,000","265,000","261,000",0.00K,-1.68%
2022년 06월 13일,"268,000","273,500","274,000","268,000",372.82K,-3.94%
2022년 06월 12일,"279,000","279,000","279,000","279,000",-,0.00%
2022년 06월 10일,"279,000","282,500","282,500","278,000",277.30K,-2.45%
2022년 06월 09일,"286,000","285,000","287,000","284,000",0.02K,0.18%
2022년 06월 08일,"285,500","287,500","290,000","285,000",151.46K,-0.52%
2022년 06월 07일,"287,000","290,000","293,000","286,500",0.00K,-1.03%
2022년 06월 06일,"290,000","290,000","290,000","290,000",-,0.00%
2022년 06월 03일,"290,000","290,500","295,000","289,000",237.22K,0.69%
2022년 06월 02일,"288,000","291,000","291,000","286,000",0.01K,-0.35%
2022년 06월 01일,"289,000","289,000","289,000","289,000",-,0.00%
2022년 05월 31일,"289,000","294,000","294,000","288,000",640.59K,-1.70%
2022년 05월 30일,"294,000","295,000","296,000","292,500",199.36K,0.00%
2022년 05월 27일,"294,000","295,000","296,500","292,000",240.37K,0.00%
2022년 05월 26일,"294,000","289,000","294,000","289,000",0.00K,1.20%
2022년 05월 25일,"290,500","293,000","294,000","290,500",194.07K,0.52%
2022년 05월 24일,"289,000","291,500","295,500","289,000",0.05K,-1.20%
2022년 05월 23일,"292,500","292,000","293,500","289,000",0.11K,0.34%
2022년 05월 22일,"291,500","291,500","291,500","291,500",-,0.00%
2022년 05월 20일,"291,500","286,500","293,000","286,500",205.52K,2.28%
2022년 05월 19일,"285,000","280,000","287,500","279,500",0.10K,-1.04%
2022년 05월 18일,"288,000","289,000","290,500","287,000",0.01K,0.17%
2022년 05월 17일,"287,500","283,000","288,500","283,000",0.10K,2.31%
2022년 05월 16일,"281,000","282,000","283,500","279,500",0.11K,0.18%
2022년 05월 15일,"280,500","280,500","280,500","280,500",-,0.00%
2022년 05월 13일,"280,500","276,500","282,000","273,000",254.30K,2.75%
2022년 05월 12일,"273,000","272,500","279,000","272,500",0.06K,-0.55%
2022년 05월 11일,"274,500","275,500","276,500","273,000",0.00K,-0.54%
2022년 05월 10일,"276,000","277,500","280,000","272,000",289.46K,-1.78%
2022년 05월 09일,"281,000","284,500","286,000","280,500",179.86K,-1.75%
2022년 05월 08일,"286,000","286,000","286,000","286,000",-,0.00%
2022년 05월 06일,"286,000","286,000","288,000","284,000",191.95K,-1.89%
2022년 05월 04일,"291,500","289,000","298,000","289,000",192.49K,0.87%
2022년 05월 03일,"289,000","292,000","295,000","289,000",154.11K,-1.37%
2022년 05월 02일,"293,000","285,000","293,500","284,500",233.77K,1.38%
2022년 04월 29일,"289,000","286,500","290,500","285,500",177.86K,-0.34%
2022년 04월 28일,"290,000","280,500","290,000","280,500",1.58K,4.32%
2022년 04월 27일,"278,000","279,000","279,500","276,000",0.05K,-2.11%
2022년 04월 26일,"284,000","288,000","288,500","282,000",0.00K,-0.70%
2022년 04월 25일,"286,000","289,500","290,500","286,000",250.17K,-3.21%
2022년 04월 24일,"295,500","295,500","295,500","295,500",-,0.00%
2022년 04월 22일,"295,500","295,500","297,000","292,500",253.52K,-1.17%
2022년 04월 21일,"299,000","292,000","300,000","291,500",0.02K,3.28%
2022년 04월 20일,"289,500","288,500","292,000","287,000",211.71K,0.35%
2022년 04월 19일,"288,500","284,500","288,500","282,500",0.13K,1.94%
2022년 04월 18일,"283,000","281,500","283,500","278,000",180.53K,0.18%
2022년 04월 17일,"282,500","282,500","282,500","282,500",-,0.00%
2022년 04월 15일,"282,500","292,000","293,500","282,000",442.24K,-1.22%
2022년 04월 14일,"286,000","285,500","288,000","284,000",203.97K,0.18%
2022년 04월 13일,"285,500","285,000","286,500","283,000",128.03K,1.24%
2022년 04월 12일,"282,000","285,500","287,000","282,000",192.38K,-1.40%
2022년 04월 11일,"286,000","283,000","289,000","281,500",0.01K,1.06%
2022년 04월 10일,"283,000","283,000","283,000","283,000",-,0.00%
2022년 04월 08일,"283,000","284,500","284,500","281,000",181.92K,0.89%
2022년 04월 07일,"280,500","283,000","286,500","280,500",0.00K,-1.58%
2022년 04월 06일,"285,000","286,000","288,000","283,500",234.08K,-1.55%
2022년 04월 05일,"289,500","292,500","293,500","287,500",190.68K,-1.53%
2022년 04월 04일,"294,000","287,000","294,000","286,500",0.01K,2.08%
2022년 04월 03일,"288,000","288,000","288,000","288,000",-,0.00%
2022년 04월 01일,"288,000","289,500","291,500","286,000",301.42K,-1.71%
2022년 03월 31일,"293,000","291,000","294,500","290,000",0.17K,1.03%
2022년 03월 30일,"290,000","296,500","298,000","289,000",0.14K,-3.01%
2022년 03월 29일,"299,000","300,500","300,500","296,000",0.22K,-0.17%
2022년 03월 28일,"299,500","299,000","300,000","294,500",0.03K,0.00%
2022년 03월 27일,"299,500","299,500","299,500","299,500",-,0.00%
2022년 03월 25일,"299,500","304,000","305,000","297,500",262.64K,-1.48%
2022년 03월 24일,"304,000","303,500","304,500","299,000",339.10K,-0.82%
2022년 03월 23일,"306,500","297,000","306,500","297,000",0.31K,4.61%
2022년 03월 22일,"293,000","289,000","294,500","287,500",316.95K,2.09%
2022년 03월 21일,"287,000","288,500","291,000","286,000",0.02K,0.00%
2022년 03월 20일,"287,000","287,000","287,000","287,000",-,0.00%
2022년 03월 18일,"287,000","286,500","293,500","284,500",376.73K,1.23%
2022년 03월 17일,"283,500","286,500","288,000","283,500",224.24K,0.18%
2022년 03월 16일,"283,000","283,000","285,000","279,000",221.89K,0.35%
2022년 03월 15일,"282,000","284,000","284,500","280,000",0.02K,-1.74%
2022년 03월 14일,"287,000","282,500","291,000","282,500",0.09K,1.77%
2022년 03월 13일,"282,000","282,000","282,000","282,000",-,0.00%
2022년 03월 11일,"282,000","283,000","285,000","279,000",207.87K,-0.53%
2022년 03월 10일,"283,500","287,000","287,000","279,500",0.18K,2.53%
2022년 03월 08일,"276,500","281,500","285,500","275,500",358.75K,-3.15%
2022년 03월 07일,"285,500","287,000","289,500","285,000",0.00K,-2.06%
2022년 03월 06일,"291,500","291,500","291,500","291,500",-,0.00%
2022년 03월 04일,"291,500","291,000","293,500","288,000",218.56K,0.34%
2022년 03월 03일,"290,500","286,500","294,500","284,500",0.00K,2.47%
2022년 03월 02일,"283,500","284,500","287,000","281,000",332.23K,-0.53%
2022년 03월 01일,"285,000","285,000","285,000","285,000",-,0.00%
2022년 02월 28일,"285,000","275,000","285,000","273,000",367.10K,3.45%
2022년 02월 27일,"275,500","275,500","275,500","275,500",-,0.00%
2022년 02월 25일,"275,500","278,000","278,500","273,000",271.38K,-0.90%
2022년 02월 24일,"278,000","273,000","279,000","272,500",0.61K,0.54%
2022년 02월 23일,"276,500","279,000","280,500","274,000",0.02K,-0.72%
2022년 02월 22일,"278,500","276,500","278,500","273,500",0.20K,-0.89%
2022년 02월 21일,"281,000","275,500","281,500","275,500",0.09K,-0.18%
2022년 02월 20일,"281,500","281,500","281,500","281,500",-,0.00%
2022년 02월 18일,"281,500","278,000","281,500","274,500",253.02K,-0.53%
2022년 02월 17일,"283,000","282,500","286,000","278,000",266.35K,0.89%
2022년 02월 16일,"280,500","283,500","283,500","278,500",0.05K,0.00%
2022년 02월 15일,"280,500","285,000","287,000","277,500",0.02K,-1.23%
2022년 02월 14일,"284,000","287,500","289,500","283,000",0.03K,-2.07%
2022년 02월 13일,"290,000","290,000","290,000","290,000",-,0.00%
2022년 02월 11일,"290,000","281,000","292,000","280,500",541.70K,3.57%
2022년 02월 10일,"280,000","285,500","285,500","279,000",0.14K,-0.71%
2022년 02월 09일,"282,000","271,000","283,000","270,000",531.46K,5.62%
2022년 02월 08일,"267,000","270,000","272,500","265,000",352.32K,-0.56%
2022년 02월 07일,"268,500","268,000","269,500","261,000",0.04K,0.00%
2022년 02월 06일,"268,500","268,500","268,500","268,500",-,0.00%
2022년 02월 04일,"268,500","268,000","270,000","263,500",247.12K,0.19%
2022년 02월 03일,"268,000","268,500","269,500","268,000",0.02K,1.13%
2022년 01월 28일,"265,000","260,000","267,000","256,500",329.68K,2.91%
2022년 01월 27일,"257,500","263,500","269,000","256,000",0.02K,-4.45%
2022년 01월 26일,"269,500","267,500","272,000","266,500",282.67K,1.13%
2022년 01월 25일,"266,500","273,000","273,000","265,500",441.37K,-2.91%
2022년 01월 24일,"274,500","280,000","282,500","273,000",316.76K,-2.66%
2022년 01월 23일,"282,000","282,000","282,000","282,000",-,0.00%
2022년 01월 21일,"282,000","282,500","283,000","278,000",323.99K,-1.40%
2022년 01월 20일,"286,000","285,500","294,000","285,000",382.20K,0.53%
2022년 01월 19일,"284,500","281,000","289,500","280,000",0.05K,-0.52%
2022년 01월 18일,"286,000","294,000","294,000","284,000",0.01K,-2.22%
2022년 01월 17일,"292,500","299,000","299,000","290,500",0.01K,-2.17%
2022년 01월 16일,"299,000","299,000","299,000","299,000",-,0.00%
2022년 01월 14일,"299,000","303,500","306,000","298,000",308.62K,-2.45%
2022년 01월 13일,"306,500","310,500","315,500","305,500",0.01K,0.33%
2022년 01월 12일,"305,500","301,000","306,000","299,500",0.00K,1.83%
2022년 01월 11일,"300,000","300,500","304,000","296,000",389.12K,-1.32%
2022년 01월 10일,"304,000","304,500","308,500","301,000",0.07K,-0.33%
2022년 01월 09일,"305,000","305,000","305,000","305,000",-,0.00%
2022년 01월 07일,"305,000","301,500","306,500","298,000",517.46K,0.16%
2022년 01월 06일,"304,500","297,500","310,000","293,500",0.27K,3.05%
2022년 01월 05일,"295,500","288,500","298,500","286,500",0.21K,3.14%
2022년 01월 04일,"286,500","279,500","288,000","278,500",345.39K,2.32%
2022년 01월 03일,"280,000","277,000","284,000","276,500",263.66K,2.00%
2021년 12월 30일,"274,500","278,000","280,000","274,500",216.85K,-1.61%
2021년 12월 29일,"279,000","278,500","281,500","273,500",0.01K,-1.59%
2021년 12월 28일,"283,500","282,500","283,500","280,500",0.00K,0.71%
2021년 12월 27일,"281,500","284,500","284,500","281,000",0.02K,-0.88%
2021년 12월 26일,"284,000","284,000","284,000","284,000",-,0.00%
2021년 12월 24일,"284,000","283,500","285,000","282,500",153.47K,0.18%
2021년 12월 23일,"283,500","283,500","285,500","282,000",158.77K,0.53%
2021년 12월 22일,"282,000","281,000","286,000","281,000",227.39K,0.53%
2021년 12월 21일,"280,500","282,000","283,000","279,000",0.00K,0.00%
2021년 12월 20일,"280,500","288,000","288,000","280,000",0.79K,-3.94%
2021년 12월 19일,"292,000","292,000","292,000","292,000",-,0.00%
2021년 12월 17일,"292,000","281,000","292,500","281,000",497.31K,3.00%
2021년 12월 16일,"283,500","284,000","285,000","279,000",0.20K,0.53%
2021년 12월 15일,"282,000","286,500","287,000","281,500",0.14K,-2.25%
2021년 12월 14일,"288,500","285,500","288,500","281,500",0.38K,0.52%
2021년 12월 13일,"287,000","281,000","291,000","280,000",0.05K,1.95%
2021년 12월 12일,"281,500","281,500","281,500","281,500",-,0.00%
2021년 12월 10일,"281,500","288,500","288,500","280,500",1.04M,-4.58%
2021년 12월 09일,"295,000","286,500","295,000","284,000",0.05K,1.72%
2021년 12월 08일,"290,000","290,000","295,000","287,500",403.02K,0.52%
2021년 12월 07일,"288,500","291,000","293,000","285,000",0.00K,0.52%
2021년 12월 06일,"287,000","284,000","292,000","278,000",615.44K,1.06%
2021년 12월 05일,"284,000","284,000","284,000","284,000",-,0.00%
2021년 12월 03일,"284,000","282,000","288,000","280,000",416.38K,0.89%
2021년 12월 02일,"281,500","276,500","283,000","270,000",0.35K,1.62%
2021년 12월 01일,"277,000","265,500","284,500","263,000",0.41K,6.13%
2021년 11월 30일,"261,000","267,000","270,000","260,000",0.40K,-1.32%
2021년 11월 29일,"264,500","266,500","268,000","262,000",524.88K,-2.76%
2021년 11월 28일,"272,000","272,000","272,000","272,000",-,0.00%
2021년 11월 26일,"272,000","277,500","278,000","271,000",247.26K,-1.81%
2021년 11월 25일,"277,000","279,000","280,000","274,500",0.08K,-1.25%
2021년 11월 24일,"280,500","286,500","287,000","278,500",0.27K,-2.09%
2021년 11월 23일,"286,500","283,500","291,500","283,500",0.12K,1.96%
2021년 11월 22일,"281,000","277,500","284,000","275,500",0.06K,1.08%
2021년 11월 21일,"278,000","278,000","278,000","278,000",-,0.00%
2021년 11월 19일,"278,000","274,500","281,000","274,000",285.01K,1.46%
2021년 11월 18일,"274,000","276,000","279,000","274,000",1.10K,-0.72%
2021년 11월 17일,"276,000","284,500","284,500","275,500",405.08K,-2.65%
2021년 11월 16일,"283,500","283,500","287,500","280,500",218.82K,-0.53%
2021년 11월 15일,"285,000","287,500","288,000","284,500",0.07K,0.00%
2021년 11월 14일,"285,000","285,000","285,000","285,000",-,0.00%
2021년 11월 12일,"285,000","281,000","288,000","280,000",499.22K,3.83%
2021년 11월 11일,"274,500","270,000","278,000","269,000",539.94K,0.18%
2021년 11월 10일,"274,000","281,500","283,000","274,000",0.03K,-3.86%
2021년 11월 09일,"285,000","285,000","289,000","284,000",298.22K,0.18%
2021년 11월 08일,"284,500","283,500","285,000","277,000",0.12K,-0.18%
2021년 11월 07일,"285,000","285,000","285,000","285,000",-,0.00%
2021년 11월 05일,"285,000","298,000","299,500","282,500",750.64K,-4.20%
2021년 11월 04일,"297,500","303,000","305,000","296,000",0.03K,-1.00%
2021년 11월 03일,"300,500","301,000","304,000","298,500",256.79K,0.84%
2021년 11월 02일,"298,000","298,000","305,500","297,500",342.04K,0.51%
2021년 11월 01일,"296,500","298,000","300,000","296,000",0.06K,0.17%
2021년 10월 31일,"296,000","296,000","296,000","296,000",-,0.00%
2021년 10월 29일,"296,000","302,000","303,500","296,000",404.07K,-1.66%
2021년 10월 28일,"301,000","305,000","308,000","301,000",0.03K,-2.27%
2021년 10월 27일,"308,000","314,000","314,000","307,000",0.04K,-2.22%
2021년 10월 26일,"315,000","316,000","318,500","310,000",0.10K,0.64%
2021년 10월 25일,"313,000","303,500","313,000","301,000",0.85K,3.13%
2021년 10월 24일,"303,500","303,500","303,500","303,500",-,0.00%
2021년 10월 22일,"303,500","307,500","308,000","301,000",411.63K,-2.41%
2021년 10월 21일,"311,000","310,000","315,000","310,000",0.17K,0.48%
2021년 10월 20일,"309,500","320,500","321,500","309,500",0.01K,-3.28%
2021년 10월 19일,"320,000","319,500","321,000","316,000",0.00K,0.16%
2021년 10월 18일,"319,500","327,000","327,500","318,500",0.52K,-2.59%
2021년 10월 17일,"328,000","328,000","328,000","328,000",-,0.00%
2021년 10월 15일,"328,000","330,000","331,500","327,500",279.91K,0.15%
2021년 10월 14일,"327,500","331,000","332,500","324,000",0.00K,0.77%
2021년 10월 13일,"325,000","320,000","330,500","315,000",0.05K,0.93%
2021년 10월 12일,"322,000","320,500","324,000","313,000",0.10K,0.63%
2021년 10월 11일,"320,000","320,000","320,000","320,000",-,0.00%
2021년 10월 08일,"320,000","323,000","330,000","319,000",374.08K,0.16%
2021년 10월 07일,"319,500","317,000","323,000","317,000",245.26K,0.79%
2021년 10월 06일,"317,000","324,000","325,500","316,000",0.21K,-1.55%
2021년 10월 05일,"322,000","319,000","324,000","315,000",0.01K,-0.62%
2021년 10월 04일,"324,000","324,000","324,000","324,000",-,0.00%
2021년 10월 01일,"324,000","329,000","330,500","322,500",301.27K,-1.82%
2021년 09월 30일,"330,000","327,000","333,000","325,000",0.03K,0.00%
2021년 09월 29일,"330,000","332,500","334,000","325,500",0.06K,-1.64%
2021년 09월 28일,"335,500","344,500","344,500","330,000",0.00K,-1.32%
2021년 09월 27일,"340,000","341,000","347,000","339,000",237.18K,-1.45%
2021년 09월 26일,"345,000","345,000","345,000","345,000",-,0.00%
2021년 09월 24일,"345,000","350,000","354,500","342,000",472.42K,-0.43%
2021년 09월 23일,"346,500","355,000","356,000","344,500",0.09K,-4.41%
2021년 09월 22일,"362,500","362,500","362,500","362,500",-,0.00%
2021년 09월 17일,"362,500","359,000","365,500","356,000",460.93K,-0.55%
2021년 09월 16일,"364,500","365,000","373,500","361,000",257.85K,0.83%
2021년 09월 15일,"361,500","361,500","366,500","357,000",449.95K,-1.36%
2021년 09월 14일,"366,500","377,500","379,000","364,000",0.20K,-2.27%
2021년 09월 13일,"375,000","361,500","375,000","361,000",0.72K,4.17%
2021년 09월 12일,"360,000","360,000","360,000","360,000",-,0.00%
2021년 09월 10일,"360,000","360,000","365,000","359,000",308.55K,0.14%
2021년 09월 09일,"359,500","357,500","362,500","352,500",0.03K,-0.55%
2021년 09월 08일,"361,500","359,000","364,000","357,500",0.03K,0.28%
2021년 09월 07일,"360,500","350,500","363,000","349,000",0.09K,3.30%
2021년 09월 06일,"349,000","348,000","352,000","343,500",0.07K,0.29%
2021년 09월 05일,"348,000","348,000","348,000","348,000",-,0.00%
2021년 09월 03일,"348,000","344,000","348,500","343,000",414.52K,1.61%
2021년 09월 02일,"342,500","337,500","346,500","337,000",0.04K,1.48%
2021년 09월 01일,"337,500","333,000","342,500","332,500",0.01K,0.15%
2021년 08월 31일,"337,000","332,000","337,000","328,000",0.20K,1.51%
2021년 08월 30일,"332,000","318,500","333,000","317,500",0.36K,5.40%
2021년 08월 29일,"315,000","315,000","315,000","315,000",-,0.00%
2021년 08월 27일,"315,000","317,500","320,000","313,500",375.36K,-2.02%
2021년 08월 26일,"321,500","323,000","325,000","317,500",0.01K,-1.38%
2021년 08월 25일,"326,000","324,000","334,000","322,000",0.00K,1.88%
2021년 08월 24일,"320,000","312,500","321,500","312,500",0.05K,3.39%
2021년 08월 23일,"309,500","312,500","313,000","307,000",308.11K,0.49%
2021년 08월 22일,"308,000","308,000","308,000","308,000",-,0.00%
2021년 08월 20일,"308,000","314,000","320,000","306,000",476.98K,-1.75%
2021년 08월 19일,"313,500","325,500","328,000","313,500",0.26K,-4.71%
2021년 08월 18일,"329,000","330,500","332,500","323,000",338.33K,-0.15%
2021년 08월 17일,"329,500","336,000","338,000","328,500",0.04K,-3.37%
2021년 08월 16일,"341,000","341,000","341,000","341,000",-,0.00%
2021년 08월 13일,"341,000","335,500","342,500","335,500",339.05K,0.89%
2021년 08월 12일,"338,000","348,000","349,000","338,000",0.08K,-2.17%
2021년 08월 11일,"345,500","345,000","347,000","342,000",438.50K,2.37%
2021년 08월 10일,"337,500","340,000","342,000","336,500",0.06K,0.00%
2021년 08월 09일,"337,500","339,500","340,500","335,000",0.00K,-1.03%
2021년 08월 08일,"341,000","341,000","341,000","341,000",-,0.00%
2021년 08월 06일,"341,000","342,500","346,500","340,000",369.47K,-0.87%
2021년 08월 05일,"344,000","343,000","345,500","341,000",0.05K,-0.72%
2021년 08월 04일,"346,500","344,000","348,000","341,500",0.01K,1.61%
2021년 08월 03일,"341,000","353,500","353,500","340,000",0.02K,-5.28%
2021년 08월 02일,"360,000","369,000","370,000","356,000",0.04K,-1.77%
2021년 08월 01일,"366,500","366,500","366,500","366,500",-,0.00%
2021년 07월 30일,"366,500","362,000","368,000","360,500",653.66K,2.09%
2021년 07월 29일,"359,000","368,500","370,000","356,000",0.18K,-2.31%
2021년 07월 28일,"367,500","363,500","367,500","359,000",0.23K,0.82%
2021년 07월 27일,"364,500","358,000","369,500","358,000",0.27K,2.97%
2021년 07월 26일,"354,000","354,500","360,000","351,500",0.02K,0.14%
2021년 07월 25일,"353,500","353,500","353,500","353,500",-,0.00%
2021년 07월 23일,"353,500","349,500","358,500","347,500",827.18K,2.17%
2021년 07월 22일,"346,000","334,000","346,000","334,000",1.20K,4.69%
2021년 07월 21일,"330,500","334,500","335,000","329,500",0.00K,0.15%
2021년 07월 20일,"330,000","329,500","332,500","328,500",0.01K,-1.35%
2021년 07월 19일,"334,500","336,500","337,000","333,000",0.02K,-1.91%
2021년 07월 18일,"341,000","341,000","341,000","341,000",-,0.00%
2021년 07월 16일,"341,000","343,000","343,000","336,500",362.07K,-1.45%
2021년 07월 15일,"346,000","341,500","346,500","341,500",0.71K,1.47%
2021년 07월 14일,"341,000","341,500","344,500","340,000",0.24K,-1.16%
2021년 07월 13일,"345,000","346,000","348,000","341,500",0.14K,0.15%
2021년 07월 12일,"344,500","343,000","352,500","342,000",0.01K,1.92%
2021년 07월 11일,"338,000","338,000","338,000","338,000",-,0.00%
2021년 07월 09일,"338,000","335,000","338,000","327,000",666.14K,-0.44%
2021년 07월 08일,"339,500","341,000","350,500","339,500",0.11K,0.00%
2021년 07월 07일,"339,500","338,500","340,000","335,500",0.02K,-0.88%
2021년 07월 06일,"342,500","345,500","346,000","342,500",0.30K,-0.72%
2021년 07월 05일,"345,000","347,000","347,500","343,000",0.00K,0.29%
2021년 07월 04일,"344,000","344,000","344,000","344,000",-,0.00%
2021년 07월 02일,"344,000","346,500","351,000","344,000",299.83K,-0.29%
2021년 07월 01일,"345,000","347,000","348,000","344,000",0.01K,-0.86%
2021년 06월 30일,"348,000","349,500","352,000","344,500",0.01K,0.29%
2021년 06월 29일,"347,000","351,500","352,000","346,500",0.09K,-1.98%
2021년 06월 28일,"354,000","353,500","356,000","347,500",0.60K,0.57%
2021년 06월 27일,"352,000","352,000","352,000","352,000",-,0.00%
2021년 06월 25일,"352,000","359,000","359,000","350,500",575.43K,0.57%
2021년 06월 24일,"350,000","340,000","350,000","339,500",0.48K,3.40%
2021년 06월 23일,"338,500","343,500","345,000","338,000",0.11K,-0.73%
2021년 06월 22일,"341,000","339,000","346,500","337,500",0.00K,1.64%
2021년 06월 21일,"335,500","337,000","338,500","334,000",356.53K,-1.32%
2021년 06월 20일,"340,000","340,000","340,000","340,000",-,0.00%
2021년 06월 18일,"340,000","336,500","342,000","336,000",604.84K,-0.29%
2021년 06월 17일,"341,000","342,500","344,000","340,000",1.38K,-1.16%
2021년 06월 16일,"345,000","344,500","347,500","342,000",0.24K,0.88%
2021년 06월 15일,"342,000","341,000","348,000","340,000",0.39K,-0.73%
2021년 06월 14일,"344,500","350,500","351,500","343,500",0.33K,-1.43%
2021년 06월 13일,"349,500","349,500","349,500","349,500",-,0.00%
2021년 06월 11일,"349,500","338,000","349,500","337,500",702.74K,4.64%
2021년 06월 10일,"334,000","333,000","339,500","332,000",0.01K,0.15%
2021년 06월 09일,"333,500","340,500","341,000","333,000",0.11K,-2.20%
2021년 06월 08일,"341,000","339,000","342,500","333,000",0.02K,0.44%
2021년 06월 07일,"339,500","348,500","349,000","337,500",0.43K,-2.16%
2021년 06월 04일,"347,000","346,500","350,500","345,000",471.67K,0.14%
2021년 06월 03일,"346,500","349,000","350,500","345,000",0.33K,-1.84%
2021년 06월 02일,"353,000","357,000","360,500","350,500",0.16K,0.86%
2021년 06월 01일,"350,000","356,000","362,500","347,500",0.89K,-1.41%
2021년 05월 31일,"355,000","359,000","359,500","347,500",446.84K,-0.56%
2021년 05월 30일,"357,000","357,000","357,000","357,000",-,0.00%
2021년 05월 28일,"357,000","364,000","366,000","355,000",594.22K,-0.83%
2021년 05월 27일,"360,000","352,000","360,000","349,000",0.12K,3.15%
2021년 05월 26일,"349,000","356,500","357,000","343,500",0.02K,-2.51%
2021년 05월 25일,"358,000","358,000","361,000","353,500",389.27K,0.70%
2021년 05월 24일,"355,500","357,000","363,500","354,000",0.01K,-1.25%
2021년 05월 23일,"360,000","360,000","360,000","360,000",-,0.00%
2021년 05월 21일,"360,000","365,000","368,000","354,000",621.10K,-1.37%
2021년 05월 20일,"365,000","373,500","373,500","363,000",0.90K,-5.32%
2021년 05월 19일,"385,500","385,500","385,500","385,500",-,0.00%
2021년 05월 18일,"385,500","367,000","388,000","367,000",585.91K,5.04%
2021년 05월 17일,"367,000","379,500","385,000","363,500",0.12K,-3.42%
2021년 05월 16일,"380,000","380,000","380,000","380,000",-,0.00%
2021년 05월 14일,"380,000","381,000","386,500","374,500",566.62K,-0.91%
2021년 05월 13일,"383,500","385,000","399,000","380,500",0.22K,-3.88%
2021년 05월 12일,"399,000","408,000","409,000","390,500",0.01K,-2.56%
2021년 05월 11일,"409,500","406,000","411,500","396,000",0.64K,0.61%
2021년 05월 10일,"407,000","400,000","413,500","399,500",0.34K,2.26%
2021년 05월 09일,"398,000","398,000","398,000","398,000",-,0.00%
2021년 05월 07일,"398,000","396,500","399,000","388,000",418.86K,0.63%
2021년 05월 06일,"395,500","380,500","396,000","380,500",715.43K,5.05%
2021년 05월 05일,"376,500","376,500","376,500","376,500",-,0.00%
2021년 05월 04일,"376,500","374,500","378,500","362,000",461.44K,2.31%
2021년 05월 03일,"368,000","368,000","373,500","365,000",359.47K,1.10%
2021년 05월 02일,"364,000","364,000","364,000","364,000",-,0.00%
2021년 04월 30일,"364,000","373,500","374,000","360,000",496.90K,-2.41%
2021년 04월 29일,"373,000","376,000","386,500","372,500",0.01K,0.13%
2021년 04월 28일,"372,500","380,000","381,000","369,500",0.09K,-1.32%
2021년 04월 27일,"377,500","366,000","382,500","366,000",0.10K,4.14%
2021년 04월 26일,"362,500","355,000","363,000","352,000",0.01K,1.97%
2021년 04월 25일,"355,500","355,500","355,500","355,500",-,0.00%
2021년 04월 23일,"355,500","350,500","355,500","347,500",325.53K,0.71%
2021년 04월 22일,"353,000","352,500","359,000","351,000",0.03K,0.57%
2021년 04월 21일,"351,000","350,500","355,000","346,500",0.03K,-1.27%
2021년 04월 20일,"355,500","352,000","356,000","350,500",0.07K,0.42%
2021년 04월 19일,"354,000","343,500","354,000","342,000",0.17K,3.06%
2021년 04월 16일,"343,500","346,000","347,500","339,000",300.32K,-0.72%
2021년 04월 15일,"346,000","339,000","349,500","336,000",0.04K,2.22%
2021년 04월 14일,"338,500","328,000","340,000","323,000",0.92K,3.52%
2021년 04월 13일,"327,000","331,000","333,500","324,500",0.09K,-0.76%
2021년 04월 12일,"329,500","330,500","331,000","322,000",0.03K,0.46%
2021년 04월 11일,"328,000","328,000","328,000","328,000",-,0.00%
2021년 04월 09일,"328,000","334,500","336,000","326,500",255.45K,-1.06%
2021년 04월 08일,"331,500","329,000","334,000","328,500",388.84K,0.76%
2021년 04월 07일,"329,000","330,000","332,500","326,000",0.00K,0.15%
2021년 04월 06일,"328,500","335,500","335,500","323,500",0.61K,-1.79%
2021년 04월 05일,"334,500","320,000","334,500","320,000",0.05K,5.02%
2021년 04월 04일,"318,500","318,500","318,500","318,500",-,0.00%
2021년 04월 02일,"318,500","321,000","323,000","317,000",281.65K,0.00%
2021년 04월 01일,"318,500","323,000","323,000","314,000",0.01K,-0.47%
2021년 03월 31일,"320,000","322,500","323,000","320,000",0.19K,-0.78%
2021년 03월 30일,"322,500","329,500","330,000","319,500",410.59K,-1.38%
2021년 03월 29일,"327,000","320,000","331,000","320,000",0.62K,2.83%
2021년 03월 28일,"318,000","318,000","318,000","318,000",-,0.00%
2021년 03월 26일,"318,000","312,000","319,500","311,500",486.00K,3.08%
2021년 03월 25일,"308,500","305,000","310,000","302,500",0.04K,0.82%
2021년 03월 24일,"306,000","307,500","311,000","304,500",0.50K,-2.24%
2021년 03월 23일,"313,000","308,000","317,500","307,000",0.03K,3.13%
2021년 03월 22일,"303,500","296,500","304,000","292,500",0.02K,5.20%
2021년 03월 21일,"288,500","288,500","288,500","288,500",-,0.00%
2021년 03월 19일,"288,500","291,500","292,500","286,000",710.13K,-2.37%
2021년 03월 18일,"295,500","300,000","301,000","295,000",0.20K,0.17%
2021년 03월 17일,"295,000","303,000","303,000","294,500",0.01K,-3.59%
2021년 03월 16일,"306,000","309,500","312,500","305,500",0.57K,-0.65%
2021년 03월 15일,"308,000","302,000","308,500","298,500",0.00K,2.33%
2021년 03월 14일,"301,000","301,000","301,000","301,000",-,0.00%
2021년 03월 12일,"301,000","306,000","310,000","295,000",600.78K,-0.66%
2021년 03월 11일,"303,000","293,000","306,000","292,500",923.11K,3.24%
2021년 03월 10일,"293,500","307,000","308,000","293,000",0.63K,-7.41%
2021년 03월 09일,"317,000","328,000","334,000","303,500",0.44K,-1.40%
2021년 03월 08일,"321,500","318,500","332,000","317,500",0.12K,2.23%
2021년 03월 07일,"314,500","314,500","314,500","314,500",-,0.00%
2021년 03월 05일,"314,500","299,500","318,500","299,500",904.26K,1.78%
2021년 03월 04일,"309,000","318,000","318,000","303,500",1.44K,3.34%
2021년 03월 03일,"299,000","286,000","299,000","284,000",0.06K,4.91%
2021년 03월 02일,"285,000","289,000","291,000","283,500",0.63K,1.24%
2021년 03월 01일,"281,500","281,500","281,500","281,500",-,0.00%
2021년 02월 26일,"281,500","279,000","284,000","275,500",633.65K,-0.53%
2021년 02월 25일,"283,000","279,500","284,500","277,000",0.02K,3.28%
2021년 02월 24일,"274,000","279,500","285,500","273,000",0.01K,-1.97%
2021년 02월 23일,"279,500","272,000","280,000","269,000",0.01K,4.29%
2021년 02월 22일,"268,000","265,000","270,000","263,500",0.18K,1.71%
2021년 02월 21일,"263,500","263,500","263,500","263,500",-,0.00%
2021년 02월 19일,"263,500","265,000","265,000","255,500",314.47K,-0.57%
2021년 02월 18일,"265,000","268,500","271,500","265,000",0.01K,-2.03%
2021년 02월 17일,"270,500","275,500","279,000","268,000",0.01K,-0.37%
2021년 02월 16일,"271,500","268,500","273,000","266,000",0.06K,1.31%
2021년 02월 15일,"268,000","272,500","274,000","268,000",0.25K,-1.11%
2021년 02월 10일,"271,000","271,500","271,500","268,000",293.39K,0.37%
2021년 02월 09일,"270,000","270,500","271,500","268,500",0.08K,0.56%
2021년 02월 08일,"268,500","264,500","272,000","263,000",482.77K,2.09%
2021년 02월 07일,"263,000","263,000","263,000","263,000",-,0.00%
2021년 02월 05일,"263,000","265,500","265,500","259,000",237.59K,-0.57%
2021년 02월 04일,"264,500","265,500","265,500","261,000",0.00K,0.76%
2021년 02월 03일,"262,500","262,500","266,000","261,000",353.00K,-0.19%
2021년 02월 02일,"263,000","255,500","263,500","253,000",0.37K,3.95%
2021년 02월 01일,"253,000","247,000","253,000","245,500",0.03K,3.05%
2021년 01월 31일,"245,500","245,500","245,500","245,500",-,0.00%
2021년 01월 29일,"245,500","251,500","254,000","242,500",543.16K,-1.80%
2021년 01월 28일,"250,000","253,500","255,000","246,000",0.07K,-3.66%
2021년 01월 27일,"259,500","260,000","262,000","257,500",0.22K,0.78%
2021년 01월 26일,"257,500","265,000","265,000","256,000",0.03K,-2.65%
2021년 01월 25일,"264,500","262,500","265,000","262,000",0.22K,1.34%
2021년 01월 24일,"261,000","261,000","261,000","261,000",-,0.00%
2021년 01월 22일,"261,000","271,500","271,500","261,000",608.30K,-3.15%
2021년 01월 21일,"269,500","274,000","276,000","269,000",0.37K,-0.92%
2021년 01월 20일,"272,000","275,000","276,000","267,000",0.02K,0.37%
2021년 01월 19일,"271,000","268,500","274,500","267,000",351.76K,1.88%
2021년 01월 18일,"266,000","270,000","273,000","264,000",0.30K,-3.27%
2021년 01월 17일,"275,000","275,000","275,000","275,000",-,0.00%
2021년 01월 15일,"275,000","283,500","286,500","274,000",370.85K,-2.48%
2021년 01월 14일,"282,000","283,000","285,000","281,000",0.03K,-0.53%
2021년 01월 13일,"283,500","280,000","284,500","277,500",0.02K,2.35%
2021년 01월 12일,"277,000","281,000","281,500","271,000",0.16K,-2.46%
2021년 01월 11일,"284,000","291,000","291,500","280,000",0.26K,-3.57%
2021년 01월 10일,"294,500","294,500","294,500","294,500",-,0.00%
2021년 01월 08일,"294,500","295,000","295,000","287,500",574.51K,1.20%
2021년 01월 07일,"291,000","286,500","295,500","286,500",0.00K,3.93%
2021년 01월 06일,"280,000","286,000","289,000","278,000",0.02K,-1.75%
2021년 01월 05일,"285,000","275,000","293,000","274,500",0.14K,4.40%
2021년 01월 04일,"273,000","272,500","275,000","268,000",0.79K,0.37%
